embedding_0,embedding_1,embedding_2,embedding_3,embedding_4,embedding_5,embedding_6,embedding_7,embedding_8,embedding_9,embedding_10,embedding_11,embedding_12,embedding_13,embedding_14,embedding_15,embedding_16,embedding_17,embedding_18,embedding_19,embedding_20,embedding_21,embedding_22,embedding_23,embedding_24,embedding_25,embedding_26,embedding_27,embedding_28,embedding_29,embedding_30,embedding_31,embedding_32,embedding_33,embedding_34,embedding_35,embedding_36,embedding_37,embedding_38,embedding_39,embedding_40,embedding_41,embedding_42,embedding_43,embedding_44,embedding_45,embedding_46,embedding_47,embedding_48,embedding_49,embedding_50,embedding_51,embedding_52,embedding_53,embedding_54,embedding_55,embedding_56,embedding_57,embedding_58,embedding_59,embedding_60,embedding_61,embedding_62,embedding_63,embedding_64,embedding_65,embedding_66,embedding_67,embedding_68,embedding_69,embedding_70,embedding_71,embedding_72,embedding_73,embedding_74,embedding_75,embedding_76,embedding_77,embedding_78,embedding_79,embedding_80,embedding_81,embedding_82,embedding_83,embedding_84,embedding_85,embedding_86,embedding_87,embedding_88,embedding_89,embedding_90,embedding_91,embedding_92,embedding_93,embedding_94,embedding_95,embedding_96,embedding_97,embedding_98,embedding_99,embedding_100,embedding_101,embedding_102,embedding_103,embedding_104,embedding_105,embedding_106,embedding_107,Label
0.0159233774,0.00429722599,0.0224088556,0.00114096157,-0.00163810889,-0.0162559954,0.00368134971,0.00253559875,-0.00261155703,-0.000506859622,0.0162939594,-0.0203163216,-0.00545713719,-0.0155668081,-0.00314839523,0.00710078522,0.013619186,0.00346961211,-0.00872462005,0.0162274476,0.0229054573,0.0168053154,0.00966498293,-0.0138402165,-0.0147631927,0.0112521183,-0.0253390759,0.00445247713,0.0066091671,0.00908640914,0.000894776474,0.00859757957,-0.0105675914,-0.0102869045,-0.00380832867,-0.00303634176,0.0118916073,-0.00411191492,0.0118237838,-0.000339904549,0.00527500189,-0.00628473496,-0.00131624776,-0.0131301294,0.00801779423,-0.0100365458,0.00975945461,-0.00693566191,-0.00381223017,0.011257972,-0.00373488948,-0.0034528816,0.00131263822,0.00963973789,0.0120771264,0.0155466201,0.00909342056,-0.00608519203,-0.0118620325,0.00607100541,0.000300707772,-0.0201667888,0.00124639346,-0.00890872137,476.644135,37.8176923,1041.6875,12.1280769,525.628462,2.79528846,496.361154,2.93701923,39.6889423,2.21413462,334.797404,0.926923077,1551.79538,1441.85721,8.93586538,0.840576923,2.80663462,0.0214423077,0.678846154,0.0259615385,0.408653846,0.0148076923,5.98413462,0.0164423077,0.659134615,0.00490384615,0.0336538462,0.0214423077,0.0399038462,0.00355769231,2.49759615,0.0775961538,0.0192307692,0.0,0.00961538462,0.0,0.163461538,0.0,0.00961538462,0.0,0.0,0.0,0.0,0.0,0
0.0112192788,-0.00170005211,0.0178522336,0.00461747764,-0.016653245,-0.0144334037,0.0118372989,0.00501631615,-0.0112725542,0.00653545815,0.0102752132,-0.0126656988,-0.00752388435,-0.0101313149,-0.00180807889,0.00258242205,0.0106327258,0.00376615184,-0.0167794154,0.023712827,0.0114696362,0.0253879743,0.00785936985,-0.00671438315,-0.00482279574,0.012410762,-0.0309022378,0.00783803978,0.000354703372,0.00546347242,0.000322458227,0.00289856469,-0.00475004659,-0.0169665421,0.00193261829,-0.0104198676,0.00699217102,-0.00322522025,0.0260937248,0.0114146724,0.00474862883,-0.0163820119,-0.00020291581,-0.00319254234,0.00556004105,-0.0170795785,0.00272444492,-0.00855448382,-0.00189239335,0.0159335662,-0.00244590884,0.000278554069,0.00522766973,0.0122864715,0.00666517881,0.0198045023,-0.000827714353,-0.0152178518,0.00204274567,0.00515847893,0.00541625857,-0.0218745363,0.00237494865,0.00726988701,469.826827,26.8600962,1036.45721,2.575,526.840096,3.19903846,501.137981,3.45201923,39.6375962,2.30086538,337.141538,0.986346154,1752.22394,1588.50673,8.84105769,0.667884615,2.80153846,0.0248076923,0.676923077,0.0249038462,0.407211538,0.0147115385,6.03105769,0.0180769231,0.658173077,0.00490384615,0.0341346154,0.0217307692,0.0403846154,0.00394230769,2.29875,0.0277884615,0.0192307692,0.0,0.00961538462,0.0,0.163461538,0.0,0.00961538462,0.0,0.0,0.0,0.0,0.0,0
0.0112572125,-0.00908576128,0.0185943885,-0.0116286377,-0.0086417633,-0.0186338379,0.00836758792,0.0116410435,-0.00629784535,0.000334626905,0.017911112,-0.00827814387,0.00365376021,-0.00627270859,0.000264267934,0.00314927458,0.00629160976,0.0125586324,-0.0158977778,0.0264313207,0.0246533576,0.0115664012,0.00719642983,-0.0096311965,-0.0053501957,0.00822422532,-0.0274411197,0.00524201439,0.00879297187,0.00357710701,-0.0110233352,0.0130715647,-0.00687376445,-0.0148890256,0.000163028142,-0.0066881116,0.00638335419,0.000160523529,0.0225726505,0.00846562366,0.00759697423,-0.00100530798,-0.00159454998,-0.0101510553,-0.0105992396,-0.00799681089,0.00632452294,-0.0082630009,0.00699430647,0.0161212346,0.00967674247,0.00485344179,0.00335206369,0.0120424551,0.00630600715,0.014541843,0.008463642,-0.0129018919,-0.00680924704,0.00819369391,0.0141234897,-0.0228820152,-0.000384981619,0.00185431809,502.704135,54.4834615,1041.90058,3.87692308,521.206346,7.08490385,608.188269,71.34,40.0053846,2.48701923,338.088654,1.03759615,1611.34356,1412.08038,8.84759615,0.839903846,2.80182692,0.0243269231,0.666826923,0.0341346154,0.410096154,0.0147115385,6.08317308,0.0225961538,0.658653846,0.00490384615,0.0360576923,0.0214423077,0.0399038462,0.00355769231,2.27442308,0.00634615385,0.0192307692,0.0,0.00961538462,0.0,0.163461538,0.0,0.00961538462,0.0,0.0,0.0,0.0,0.0,1
0.0079184896,-0.00805407474,0.0138200806,0.00724141593,-0.00908674761,-0.0163831023,0.00866310863,0.014826171,-0.0116228284,-0.0118604452,0.00859714553,-0.0185412964,-0.000721628687,-0.00968975655,0.00302726809,0.00725573364,0.00212937303,0.0124527417,-0.0113215336,0.0202799483,0.0189239573,0.0155619931,0.0134380962,-0.0208147054,-0.0116795743,0.00544810529,-0.0124679829,0.00218348565,0.00288567721,0.00623444393,-0.00365505438,0.00729850155,-0.00762366221,-0.0119085103,-0.00173383146,0.00284796056,0.00422578983,-0.00204461217,0.0182057837,0.0065683693,0.0013470841,0.00277537473,-0.00111024923,-0.00215617759,0.00278061586,-0.00583922456,0.00430653372,-0.00772696258,0.00351066916,0.0188705344,0.000831464075,0.00281369591,0.0155843123,0.021702435,0.00549511592,0.00768424202,0.00349231263,-0.00958994972,-0.00520471881,0.00723819394,0.0129709223,-0.0286854701,-0.00305280355,-0.00175561756,514.66381,26.2107619,1030.24362,2.87714286,514.367048,3.2292381,644.104095,4.45533333,39.7059048,2.20914286,332.229048,1.91361905,1536.19086,1428.29838,8.81180952,0.669142857,2.77066667,0.0176190476,0.656666667,0.029047619,0.404761905,0.0146666667,6.10209524,0.0283809524,0.652857143,0.00485714286,0.0333333333,0.0212380952,0.0395238095,0.00352380952,2.3972381,0.121142857,0.019047619,0.0,0.00952380952,0.0,0.161904762,0.0,0.00952380952,0.0,0.0,0.0,0.0,0.0,1
0.00248000312,0.000253176711,0.0169220444,-0.00368139979,-0.00177044747,-0.0138762147,-0.000697698426,-0.00702985813,-0.00338526815,0.000331522163,0.024839108,-0.0297197098,0.00729410587,-0.00501193847,-0.00582969651,0.0183222327,0.00138723809,0.00418945771,-0.00634337725,0.0216646882,0.0181734579,0.0172106803,0.0093674616,-0.00675070833,-0.000379398537,0.0132816363,-0.0176842579,-0.00699686037,-0.000909535984,0.00299956342,0.000460297586,0.00510217468,-0.0084473658,-0.0167676381,-0.00907585057,-0.00794893842,-0.00665507442,4.79347789e-05,0.00807197172,-0.00596419275,-0.00228238849,-0.011869498,0.00164136516,-0.0100400951,-0.00252998276,-0.00744262331,0.00880599654,-0.0118480405,0.00724795608,0.0219160192,0.0105266732,0.00502780652,0.0103641612,0.00515653988,-0.00519862248,0.0079716012,0.00615421627,0.00480804817,-0.0140040662,0.0163754982,0.00765219961,-0.0269859693,0.00877132202,-0.0212405349,519.531635,32.6895192,1035.67346,2.54846154,526.930673,18.22875,650.713558,4.69086538,39.55875,2.94394231,334.483654,3.93298077,1754.60817,1600.00885,8.39653846,0.916634615,2.80019231,0.0214423077,0.652403846,0.0285576923,0.407307692,0.0241346154,6.24259615,0.0241346154,0.671442308,0.0324038462,0.0341346154,0.0217307692,0.0403846154,0.00394230769,2.96798077,0.126346154,0.0192307692,0.0,0.00961538462,0.0,0.163461538,0.0,0.00961538462,0.0,0.0,0.0,0.0,0.0,1
0.0227568635,-0.00353242203,0.0135016346,-0.0105555186,-0.00205077346,-0.024015186,0.00808510356,-0.00101191185,-0.0217291245,0.00200047922,0.0138728497,-0.0198776889,-0.0105374388,-0.010286957,-0.00108569626,0.012599226,0.00308376626,0.00081157908,-0.0115115911,0.0221205645,0.0208515251,0.0181836571,0.0112732371,-0.0130574255,-0.0040730334,0.0113757332,-0.0207014108,-0.0056402946,0.000199788071,0.0120672711,-0.00143854141,0.00996061551,-0.00975323811,-0.00528797627,-0.00546479573,-0.00778208526,0.0070401442,-0.003595087,0.0176540896,0.00295682819,-0.000624792221,-0.00633640569,-0.000751156185,-0.00329109622,-0.0117020333,-0.0121316546,0.00629450895,-0.00954813464,0.00887328458,0.013199681,0.00686361505,-0.0125721267,0.00368927781,0.0158879061,-0.00266053529,0.00986098209,0.00115292625,-0.0148042642,-0.0227865116,0.0106051773,0.00774128552,-0.0134511406,0.0036961031,0.0054373239,542.348462,30.9694231,1035.39048,6.00278846,939.795385,243.475865,643.618173,5.07625,42.9350962,1.63365385,329.223365,2.25096154,1606.25067,1411.72481,8.68326923,0.728557692,2.80153846,0.0235576923,0.653653846,0.0161538462,0.390865385,0.0147115385,6.19028846,0.0435576923,0.658653846,0.00490384615,0.0360576923,0.0214423077,0.0399038462,0.00355769231,3.29153846,0.0645192308,0.0192307692,0.0,0.00961538462,0.0,0.163461538,0.0,0.00961538462,0.0,0.0,0.0,0.0,0.0,1
0.0154802447,-0.00618300947,0.017874469,-0.00344118766,-0.0141696806,-0.0205246616,0.000766362565,-0.0127352374,-0.008863077,-0.00429246867,0.0189123812,-0.0171845315,-0.000393527417,0.000103952936,-0.00299930157,0.0076242566,-0.0042343466,-0.0018033332,-0.00726851506,0.0169780833,0.0228927897,0.0141726352,0.00620504786,-0.0111410101,-0.00598906733,0.00725446333,-0.0311003749,0.00266331007,-0.000239725646,0.00393715671,-0.0120146906,0.00737235229,-0.0127456301,-0.0082404952,0.00157083478,-0.000407591928,0.00392643692,0.0013271942,0.015705284,0.00320262238,-0.000251474916,-0.00351291042,-0.00200315428,-0.0162678653,0.00443161063,-0.00802220562,0.00655385486,-0.0104952143,0.00844176647,0.0142110964,0.00881566859,-0.00047569507,-0.00479491198,0.0181780076,-0.00188246792,0.00575767276,0.000721129804,-0.00832820827,-0.0126485133,0.0231937871,0.000385710396,-0.0238037942,0.0142941136,-0.00256211859,547.024038,35.4552885,1044.02144,11.1446154,1851.38298,350.639423,644.358462,3.76798077,43.3784615,1.00807692,329.486346,1.87990385,1547.06029,1441.5674,8.28067308,0.721538462,2.79778846,0.0199038462,0.655769231,0.0145192308,0.389423077,0.0148076923,6.13894231,0.0104807692,0.659134615,0.00490384615,0.0336538462,0.0214423077,0.0399038462,0.00355769231,3.35576923,0.0,0.0192307692,0.0,0.00961538462,0.0,0.163461538,0.0,0.00961538462,0.0,0.0,0.0,0.0,0.0,1
0.00447077379,-0.00119828337,0.0200075641,0.0126223737,-0.0109688123,-0.0111170611,0.00396868123,0.00364564048,-0.00158958914,7.70537792e-06,0.0172483588,-0.0100806184,-0.0127008897,-0.00827368598,0.0049461107,0.0038944765,0.00685469164,-2.85005931e-05,-0.0129055348,0.0198786183,0.012375708,0.0110218118,0.013456211,-0.00968571072,-0.00193790789,0.0089640722,-0.014115954,0.0121093701,-0.00650892713,0.00431795898,-0.000709173458,0.00572949992,-0.0194361632,-0.0189311065,-0.00575605647,-0.0049625859,0.00463391765,-0.00026295344,0.0236955893,0.00465685163,-0.00119033671,0.00256831677,0.00184475794,-0.0155508746,0.00322393006,-0.0158424466,0.00271079833,-0.00464393436,0.00504589391,0.0152470915,0.00782822784,-0.0037195848,0.00564835183,0.0163298789,0.00698105271,0.0226734545,-0.00217301807,-0.0111660343,-0.00341266365,0.0157480045,0.00128827112,-0.0233656614,0.00550776498,-0.00624544801,514.777981,66.1383654,1036.37221,16.4607692,2889.17048,310.684038,565.1475,80.4233654,43.6390385,1.61894231,328.426154,1.02653846,1747.57702,1588.48346,8.49057692,0.815,2.80028846,0.0225,0.652884615,0.0135576923,0.392980769,0.0195192308,6.11923077,0.0125,0.658173077,0.00490384615,0.0341346154,0.0217307692,0.0403846154,0.00394230769,3.29961538,0.0791346154,0.0192307692,0.0,0.00961538462,0.0,0.163461538,0.0,0.00961538462,0.0,0.0,0.0,0.0,0.0,1
0.000589536718,-0.00520560905,0.0203410137,-0.0011956091,-0.0150176389,-0.00885992713,0.00944089118,0.00150369606,-0.00291832404,0.00508703875,0.0200084691,-0.0176435955,-0.00181726749,-0.0134428888,-0.0118167052,0.010943519,0.00369543965,0.0045054069,-0.0114816546,0.0225231246,0.0219928359,0.0161440792,0.0167548683,-0.0213339393,-0.0045629306,0.0182926967,-0.0356047379,-0.00194134549,0.000686983784,0.00393860468,0.00209521628,0.0128378878,-0.00839947282,-0.0241628804,0.00139252584,-0.00706627155,0.00712413982,-0.0052282212,0.0153782103,-0.0103102939,0.00302031384,-0.00813664693,-0.0131578476,-0.0039847049,0.0022124063,-0.00720275431,0.00357204984,-0.0102452472,0.00333745724,0.0180360277,0.0066413976,0.00016665842,-0.003128268,0.0169725216,0.00420847478,0.0214995297,-0.00260602475,-0.0127853917,-0.00128871407,0.0211150625,0.00881674314,-0.0131919333,0.00280312631,0.0145909367,478.395769,0.0,1030.12663,0.0,3443.59692,0.0,487.709135,0.0,42.1685577,0.0,330.913269,0.0,1634.48683,0.0,8.05134615,0.0,2.80605769,0.0,0.653846154,0.0,0.392403846,0.0,6.07355769,0.0,0.658653846,0.0,0.0345192308,0.0,0.0400961538,0.0,3.00278846,0.0,0.0192307692,0.0,0.00961538462,0.0,0.163461538,0.0,0.00961538462,0.0,0.0,0.0,0.0,0.0,0
0.0149606533,0.00455041993,0.0246060147,0.006748062,-0.0067849057,-0.024644298,0.00392589449,-0.00734099309,-0.00943213071,-0.00154091482,0.00997887143,-0.0224538872,0.00127910318,-0.0147671987,0.000161692411,0.00301660102,-0.00181847302,0.00631256156,-0.00566619379,0.0236796158,0.0184036244,0.022407581,0.00950519447,-0.00883510166,-0.0111785569,0.00861544605,-0.0289692817,0.00483681115,-0.000322837812,0.000133893918,-0.0040060806,0.00664995165,-0.0103696557,-0.00333367854,0.00390854635,-0.00750266297,-0.00316887067,0.00325499414,0.0267232324,0.0146802324,-0.00529481043,-0.00804303954,0.000627335842,-0.00385254994,-0.00871025026,-0.0139008316,0.00430297171,-0.0086506709,0.00249322443,0.00698917987,0.00518157763,-0.0043065883,0.00403646521,0.0138446934,-0.000937112106,0.0153437208,-0.000778494987,-0.00477313749,-0.00725613792,0.0072875575,0.00295133656,-0.0189865093,0.0193738902,0.00383311954,493.467308,26.0349038,1077.20981,2.27019231,3048.83202,28.7060577,521.004135,2.83019231,43.6759615,1.88336538,352.251827,0.497692308,1588.88442,1441.66038,8.75307692,0.669615385,2.77096154,0.0230769231,0.67,0.0220192308,0.418269231,0.0148076923,5.12644231,0.0443269231,0.659134615,0.00490384615,0.0432692308,0.0214423077,0.0399038462,0.00355769231,2.15384615,0.0,0.0192307692,0.0,0.00961538462,0.0,0.163461538,0.0,0.00961538462,0.0,0.0,0.0,0.0,0.0,0
0.00384366719,-0.0041967588,0.0147145485,-0.00239292731,-0.00402457012,-0.0156947296,0.00450929779,-0.010738928,-0.0130945082,0.00233529219,0.016234227,-0.0226142208,-0.00406637653,-0.0164963707,-0.00452508225,0.00726970448,0.0103080579,-0.00284904678,-0.0144644799,0.0296784588,0.0168061657,0.0196606691,0.00956016061,-0.0172405272,-0.0136351294,0.0160298879,-0.0308845364,-0.000607113824,-0.00760864434,0.00431466222,-0.00024870305,0.00346199597,-0.0207352748,-0.00978413671,-0.00288662155,-0.00453478985,-0.00278454849,-0.0106022506,0.0109566151,0.00412315568,0.00738491694,-0.00385321572,-0.00181839927,-0.000835510272,-0.00199060884,-0.0127181508,0.0114446858,-0.00736897503,0.00418918046,0.0125877304,0.00904550091,-0.00662730322,0.00865923287,0.00331395475,-0.00802519957,0.0104776335,-0.00590416889,-0.00434930857,-0.00512686096,0.0198295635,0.0058209889,-0.0199981531,0.000380108789,0.00922836417,500.400952,49.4037143,1067.21295,5.43714286,2942.16562,39.4778095,558.014381,68.0209524,42.6673333,2.70038095,349.062476,0.576285714,1764.18248,1587.21971,8.622,0.848666667,2.7452381,0.0236190476,0.661428571,0.024,0.411904762,0.0192380952,4.9387619,0.0445714286,0.651904762,0.00485714286,0.0424761905,0.0242857143,0.04,0.0039047619,2.13333333,0.0,0.019047619,0.0,0.00952380952,0.0,0.161904762,0.0,0.00952380952,0.0,0.0,0.0,0.0,0.0,1
-0.00296107379,0.00606879732,0.00783946125,0.00697048804,-0.00538294272,-0.0209094982,0.00520517312,0.0106798951,-0.00303877898,0.0139335582,0.0175801488,-0.0181543823,0.00655098392,-0.0121445386,0.00385228782,0.006438968,0.0139929535,0.00921602042,-0.00529528363,0.026148617,0.0117091869,0.024943529,0.0170929864,-0.0101887079,-0.00252287846,0.0152687934,-0.0235952605,0.00951228635,-0.001147806,0.00844627834,-0.00174988288,0.00512439513,-0.0198076559,-0.010873462,-0.00531354969,-0.00197608067,0.00210096902,-0.00674793818,0.0262117912,0.000698809154,0.000605229217,-0.000932223968,0.00775771219,-0.00119202416,-0.0033722559,0.0091771669,0.00579182982,-0.00275100039,-0.000335918381,0.0160722575,0.0102387594,0.0074418555,0.0104627144,0.0125935499,0.00560308857,0.0213208312,-0.00448387367,0.00350357094,0.0022557118,0.00675160802,0.001690957,-0.020453176,0.00530715104,0.00350901369,516.487692,27.4210577,1070.90462,2.80557692,2726.36423,89.4703846,662.553173,4.69173077,41.5840385,2.89086538,350.532788,2.09817308,1618.82212,1412.05135,9.01826923,0.688269231,2.76836538,0.0209615385,0.664711538,0.0245192308,0.410096154,0.0147115385,4.92336538,0.0252884615,0.658653846,0.00490384615,0.0360576923,0.0214423077,0.0399038462,0.00355769231,2.16942308,0.00951923077,0.0192307692,0.0,0.00961538462,0.0,0.163461538,0.0,0.00961538462,0.0,0.0,0.0,0.0,0.0,1
0.00767013071,-0.00386323009,0.0156829104,0.00631564337,-0.00580829074,-0.0200479341,0.0173006415,0.0087839036,-0.00238012436,-0.00206153431,0.027264788,-0.0138742323,0.0142121498,-0.0186688804,-0.00260467236,0.0122751034,0.0148106293,0.00618262417,-0.00844156788,0.0248742412,0.0119776898,0.0178439734,0.00420932364,-0.0127441257,0.000844121123,0.0047555575,-0.0181636471,-0.005414823,-0.000404360776,-0.000265189939,-0.00574112103,0.0107052159,-0.0103658278,-0.0112951321,-0.000990341356,-0.00381505546,0.00898251434,-0.00932397817,0.0164362277,-0.00399847771,0.00234440471,-0.00418179445,-0.00324317754,-0.00504567734,-0.000451748009,0.00322978909,-0.00109898211,-0.00632632055,0.0145257472,0.0235626796,-0.00625850192,0.0050799727,0.00575859128,0.00979283667,0.0104122639,0.0074539452,0.00839051441,0.00241118716,-0.00740574821,0.0112165795,0.0114338274,-0.0171677001,0.00300379825,0.00120068109,517.447308,27.4122115,1064.98221,3.05730769,2517.6076,56.7639423,660.137115,4.38451923,40.9256731,2.26980769,346.558365,2.22451923,1559.13029,1441.98615,8.69990385,0.762211538,2.76625,0.0339423077,0.670673077,0.02375,0.408653846,0.0148076923,5.04182692,0.0467307692,0.659134615,0.00490384615,0.0336538462,0.0214423077,0.0399038462,0.00355769231,2.21173077,0.0157692308,0.0192307692,0.0,0.00961538462,0.0,0.163461538,0.0,0.00961538462,0.0,0.0,0.0,0.0,0.0,1
0.00814675259,-0.00430924316,0.0119435818,0.000385167507,-0.012520753,-0.0182254024,0.00836105657,0.0045130275,-0.0130414687,0.00438688508,0.0195553599,-0.0254044379,-0.0034942166,-0.0197832645,-2.82151383e-05,0.0148546865,-0.00264186622,0.00702673322,-0.00504360396,0.0267315062,0.0163487707,0.018810556,0.0115587517,-0.0100165137,-0.00231256483,0.00706323057,-0.0268442055,0.00287441852,0.00907802655,0.0124357924,-0.0179630846,0.00809849125,-0.00524848075,-0.00276601941,-0.0009599756,-0.00535190449,0.0046086004,-0.00121050443,0.00748254263,0.0119100278,-0.00501937903,0.00310462783,0.00271789737,-0.0188874795,-0.00399714108,-0.0025271823,-0.000893458151,-0.00153981601,0.00716092078,0.0135538951,0.00277334008,-0.0163738201,0.000510025269,0.0203384753,-0.00316673322,0.00404477967,-0.00893324879,-0.0156325158,-0.00460281001,0.0132285443,0.00814922937,-0.0215411639,0.00784023042,0.00802067314,516.915192,25.5761538,1057.52471,3.33826923,2392.71442,31.3360577,654.790385,5.59173077,41.6020192,2.37317308,339.643942,2.51721154,1757.44529,1589.95404,9.01971154,0.764230769,2.74644231,0.0444230769,0.6675,0.0249038462,0.407211538,0.0147115385,5.18461538,0.0413461538,0.658173077,0.00490384615,0.0341346154,0.0217307692,0.0403846154,0.00394230769,2.32884615,0.105384615,0.0192307692,0.0,0.00961538462,0.0,0.163461538,0.0,0.00961538462,0.0,0.0,0.0,0.0,0.0,1
0.00664179074,-0.00196753736,0.013778467,0.000835199339,-0.00613035143,-0.0145200688,0.00576264857,-0.00586745533,-0.0082833489,0.0026039532,0.0250788147,-0.0167281993,-0.00265216455,-0.00592360946,0.00195146855,0.00754408839,-0.000756562025,0.00272794197,-0.0115692517,0.0133634399,0.014233762,0.0206574084,0.0149380017,-0.0120104892,-0.0044834319,0.00902043559,-0.0269244311,0.00932545163,-0.0120892818,0.0038770117,-0.0149649049,0.00819951428,-0.0112189486,-0.0147678239,-0.000288120471,-0.00454140014,0.0101898016,0.000407726325,0.016350873,0.00348025595,-0.00176447813,-0.00417169968,-0.000819567591,-0.00831891688,-0.000879454113,-0.00242528721,0.0104054428,-0.00676896588,0.00495240035,0.0186637063,0.0148092818,-0.0012633015,0.0073649452,0.0130247486,0.0065246512,0.0164794636,0.0103363514,-0.00561635169,-0.0125020087,0.0166957195,0.00714140623,-0.018360211,0.0145640529,-0.00384512031,519.805,34.2538462,1052.02298,3.03615385,2352.87654,31.2791346,648.725865,6.56471154,41.6064423,3.05846154,344.411635,5.70451923,1613.665,1421.50721,8.41230769,0.833846154,2.76105769,0.0348076923,0.675288462,0.0288461538,0.411826923,0.0183653846,5.29634615,0.0323076923,0.667692308,0.0256730769,0.0381730769,0.0253846154,0.0399038462,0.00355769231,2.95519231,0.142980769,0.0192307692,0.0,0.00961538462,0.0,0.163461538,0.0,0.00961538462,0.0,0.0,0.0,0.0,0.0,1
0.0151870252,-0.00658795796,0.0240037499,-0.0132478199,-0.000432569339,-0.0213914599,0.00288932877,0.0030354737,-0.0166700786,-0.00374429753,0.0135658761,-0.0128404111,0.00339879742,-0.00636479001,0.00150282702,-0.000759092088,0.00143527137,0.00620891812,-0.00186719785,0.01849708,0.0148390162,0.0106465241,0.00847875793,-0.00995694169,-0.00454277979,0.0109777956,-0.0196256004,0.00462305632,0.0154220924,0.00326107457,-0.00269088588,0.0185135916,-0.0173613028,-0.0167872356,0.000210524555,-0.00629673089,0.00298302836,-0.00171984299,0.0116419318,-0.000783606826,-0.000238936896,0.00371725836,-0.017142323,-0.00635556887,0.0124540618,-0.00949569596,0.00591436385,-0.0163829141,0.00981304823,0.018765854,-0.00255484259,-0.00204259015,-0.00352327904,0.0129405769,-0.00335485965,0.0196295901,-0.000385202897,-0.00630357159,-0.0115529898,0.0109076679,0.00488753907,-0.0182194167,-0.00352095347,-0.00274280187,532.404519,36.0899038,1052.78173,6.39730769,2384.05058,31.0640385,641.371442,3.32298077,43.6647115,2.64134615,337.781923,0.724038462,1550.63779,1444.60837,8.52009615,0.856153846,2.75807692,0.0464423077,0.679615385,0.0229807692,0.410769231,0.0188461538,5.25692308,0.0363461538,0.659134615,0.00490384615,0.0363461538,0.0257692308,0.0399038462,0.00355769231,3.28442308,0.0710576923,0.0192307692,0.0,0.00961538462,0.0,0.163461538,0.0,0.00961538462,0.0,0.0,0.0,0.0,0.0,1
0.00128248727,-0.000542102126,0.00787691703,-0.00942366897,-0.0118488273,-0.0157583993,0.00879975327,0.00151907732,-0.00585243876,-0.00717028761,0.00293835416,-0.0118600954,-0.00202207482,-0.0036125413,0.00896964088,-0.000546261439,-0.00101307121,0.00439331027,-0.00738298321,0.0184920491,0.00727923245,0.00959480115,0.0147123182,-0.000503071045,0.00117272812,0.0206159002,-0.0119964136,0.0043234706,0.0113290217,0.00454297687,-0.00155787767,0.00514809109,-0.00768855622,-0.0140184071,0.00658326402,-0.000767509006,0.00328769045,0.00844465145,0.0109758179,0.002690835,-0.00275731467,0.00183335975,0.006828162,-0.010563157,0.000364950207,-0.00467566028,0.000823714656,-0.00905200986,0.00632477082,0.0169057289,-0.000782637768,-0.00421316895,0.00614142734,0.0135547069,0.0095203031,0.01484794,-0.0118121784,-0.00952636389,-0.00270266734,-0.00270102618,0.00663154909,-0.0189006099,-0.00925641423,-0.00213945933,672.726986,0.0,1483.54466,0.0,707.871507,0.0,909.960685,0.0,58.9886301,0.0,477.766164,0.0,3785.56712,0.0,10.6849315,0.0,3.82876712,0.0,0.0821917808,0.0,0.561643836,0.0,7.36986301,0.0,0.0821917808,0.0,0.0273972603,0.0,0.0479452055,0.0,4.76712329,0.0,0.0273972603,0.0,0.0136986301,0.0,0.232876712,0.0,0.0136986301,0.0,0.0,0.0,0.0,0.0,1
0.0,0.0,0.0,0.0,0.0,0.0,0.0,0.0,0.0,0.0,0.0,0.0,0.0,0.0,0.0,0.0,0.0,0.0,0.0,0.0,0.0,0.0,0.0,0.0,0.0,0.0,0.0,0.0,0.0,0.0,0.0,0.0,0.0,0.0,0.0,0.0,0.0,0.0,0.0,0.0,0.0,0.0,0.0,0.0,0.0,0.0,0.0,0.0,0.0,0.0,0.0,0.0,0.0,0.0,0.0,0.0,0.0,0.0,0.0,0.0,0.0,0.0,0.0,0.0,0.0,0.0,0.0,0.0,0.0,0.0,0.0,0.0,0.0,0.0,0.0,0.0,0.0,0.0,0.0,0.0,0.0,0.0,0.0,0.0,0.0,0.0,0.0,0.0,0.0,0.0,0.0,0.0,0.0,0.0,0.0,0.0,0.0,0.0,0.0,0.0,0.0,0.0,0.0,0.0,0.0,0.0,0.0,0.0,0
0.0136730011,0.00438618685,0.0180314978,-0.000787989043,-0.00549755593,-0.011633947,0.0119179825,-0.0111443043,-0.00753489267,-0.0021349967,0.0131009618,-0.0170171136,-0.00190174934,-0.00773221702,0.000247799525,0.00966021254,0.00465940947,0.00393697842,-0.0111798178,0.0287488968,0.0208783545,0.0183831276,0.00768360374,-0.0176450664,-0.0055974464,0.00295235399,-0.0277197913,0.00341482898,-0.000903077979,-0.000581390377,0.00679638003,0.00638474603,-0.00738398686,-0.0108942436,-1.16413889e-05,-0.0042020798,0.00166455538,0.00358489731,0.0242439964,0.0101443864,-0.00505386481,-0.00733236442,0.0100714162,-0.0117501631,-0.00519580244,0.00204835135,0.00895411247,-0.00164551752,-0.00234395546,0.0189956227,0.00856329501,0.00464898038,-0.00460887121,0.00652888324,0.00377185646,0.0198108432,-0.00675216131,-0.0160689208,-0.014373183,0.0092134286,0.0146924848,-0.0226923365,0.0111165858,-0.00162414231,487.790673,26.9713462,1080.84577,1.36673077,2017.71154,22.4760577,507.861442,2.17903846,40.4720192,2.35586538,350.208365,0.366153846,1529.36596,1450.06058,8.07855769,0.709423077,2.76913462,0.0267307692,0.682980769,0.0208653846,0.407211538,0.0147115385,5.62451923,0.0239423077,0.658653846,0.00490384615,0.0535576923,0.0220192308,0.0211538462,0.00394230769,2.25,0.0,0.0192307692,0.0,0.00961538462,0.0,0.163461538,0.0,0.00961538462,0.0,0.0,0.0,0.0,0.0,0
0.00736483534,-0.00568198413,0.0087617063,0.00477150836,-0.00540821497,-0.0222069989,8.50801499e-05,0.0024588395,-0.0095447785,-0.00346375303,0.0150687685,-0.00950714231,-0.00468659652,-0.00846134959,-0.00364207082,0.00555181162,0.00073244917,-0.00176386988,-0.0126479822,0.0225930688,0.017289697,0.0172867733,0.0192309721,-0.0140353574,0.00952557967,0.0136540593,-0.0263628034,0.00109864983,-0.00138435946,-0.000893396934,-0.00451311695,0.0100854365,-0.010436487,-0.00674159844,-0.00121451287,-0.00411132927,-0.0050367235,0.00169508215,0.0183482033,0.00607700607,-0.0124648764,0.00682985159,-0.00475828496,-0.0118587524,-0.00316366557,-0.00277238979,0.00731443359,-0.00141222904,0.00600903125,0.0098289156,-0.00573034472,0.00233135593,0.00423174889,0.0202644816,0.000376907876,0.00935317157,-0.00256270928,-0.0106973307,-0.00313228413,0.0138248841,0.00541844602,-0.0235830467,0.00306149132,-0.000998728891,534.292885,41.1372115,1082.24404,2.5625,1947.95548,22.8671154,641.585962,42.9133654,40.7040385,2.43009615,349.0675,1.08932692,1784.82096,1574.58202,7.76509615,0.741730769,2.76942308,0.0252884615,0.657019231,0.0275,0.408653846,0.0148076923,5.69951923,0.0282692308,0.658173077,0.00490384615,0.0528846154,0.0214423077,0.0206730769,0.00355769231,2.25903846,0.00769230769,0.0192307692,0.0,0.00961538462,0.0,0.163461538,0.0,0.00961538462,0.0,0.0,0.0,0.0,0.0,1
0.00410704257,-0.00141818696,0.0190497516,0.00042495547,-0.00735352795,-0.0291167423,0.00628402856,-0.00205762011,-0.0103635057,-0.000864360383,0.0180130309,-0.012395632,0.0057543072,-0.017231204,0.00957975397,0.0131495134,0.00191310367,0.00639390619,-0.00800715023,0.0297835994,0.0135126373,0.0145903469,0.00966800825,-0.009977474,-0.00182770006,0.0119861653,-0.020811501,0.0105478608,-0.00262210255,0.00287815402,-0.00398270281,0.0118934219,-0.00927521525,-0.00498402067,-0.0053084319,-0.00876379438,0.00780053487,0.0024175126,0.0246744142,-0.00474066251,-0.00478817032,0.000303572724,0.00454704926,-0.0090407818,-0.0067213595,-0.00524203096,0.00139294249,-0.00593141388,0.00832346684,0.019197832,0.0139891152,0.000957900658,0.00877063476,0.0196550857,0.0058311472,0.0115964128,0.00201206318,-0.00702123027,-0.0131314169,0.0143729621,0.000562588937,-0.018241502,-0.00258872792,-0.00277154815,534.496923,26.4316346,1079.52538,1.87875,1900.3025,14.6869231,650.514615,3.52471154,40.8304808,2.35894231,346.115577,1.02913462,1600.19337,1414.02683,8.08971154,0.773076923,2.76769231,0.0215384615,0.644711538,0.0141346154,0.410096154,0.0147115385,5.7875,0.0301923077,0.659134615,0.00490384615,0.0552884615,0.0214423077,0.0206730769,0.00355769231,2.30326923,0.0355769231,0.0192307692,0.0,0.00961538462,0.0,0.163461538,0.0,0.00961538462,0.0,0.0,0.0,0.0,0.0,1
0.00805808086,-0.0090579225,0.00511663178,-0.00331136187,-0.0172870752,-0.0200480904,0.00430024713,0.00827855309,-0.00661865688,-0.000323759535,0.0229273625,-0.0185118358,0.00163805141,-0.0103334096,0.000443609118,0.0081808701,0.00254790029,0.00642946219,-0.00413186645,0.0222038762,0.0191797023,0.00705551933,0.0180643576,-0.00495442284,0.00195446078,0.0144791609,-0.0253754107,0.00847009236,-0.00173573307,0.00700561464,-0.00931068635,0.0218523233,-0.0050758465,-0.0104802724,-0.00310636126,-0.00356236665,0.00764974167,0.000150096334,0.0202224153,0.00260765733,-0.00499098669,0.00856789431,0.00573870939,-0.0122514856,-0.0134726768,-0.00628365486,0.000171666571,0.000744135576,0.00450576685,0.0157890773,0.00730229642,-0.0107112765,0.00190502957,0.0185603995,0.00723150412,0.0127887568,0.00976618133,-0.0248502183,-0.00718467052,0.00472786094,0.0117897399,-0.00691747112,0.00266062877,0.00967412477,538.009327,26.2241346,1076.26096,2.96048077,1870.18394,10.1151923,646.745192,3.83,40.9895192,2.07019231,343.367308,1.71211538,1530.49365,1450.23269,7.72230769,0.76125,2.76865385,0.0270192308,0.667788462,0.0258653846,0.407211538,0.0147115385,5.87673077,0.0294230769,0.658653846,0.00490384615,0.0533653846,0.0217307692,0.0211538462,0.00394230769,2.62548077,0.138846154,0.0192307692,0.0,0.00961538462,0.0,0.163461538,0.0,0.00961538462,0.0,0.0,0.0,0.0,0.0,1
0.0113279961,-0.00499308081,0.0245206649,0.00210776106,-0.00554154059,-0.0253049662,0.00254400719,0.0113048179,-0.00735057704,-0.00713992964,0.0224578504,-0.00301990693,0.00677586551,-0.00661000906,0.00236196882,0.00867422667,-0.00595270588,0.00164321767,-0.00406137514,0.0249530318,0.01127112,0.00661870493,0.00880057598,-0.0216932076,-0.00897863857,0.0171015569,-0.0188376855,0.00206988042,0.00884257304,0.00443768192,-0.00829728148,0.00437341462,-0.0207144146,-0.0077741256,0.00600991796,-0.00249802083,-0.00706082106,0.00881291188,0.0203508947,0.00140062823,-0.000473646161,0.0117951125,0.00363764629,-0.00179899359,0.0105118793,-0.0104968553,0.00305869235,-0.012415311,0.00762345219,0.0043925662,0.00597099487,-0.0113680799,0.00477779152,0.0209536229,0.00810420973,0.0183712921,-0.00105690799,-0.00983459853,-0.00580568178,0.00825020409,0.00630740262,-0.0171069428,-0.00151502545,0.0058727532,530.267115,0.0,1075.15942,0.0,1860.66673,0.0,647.155481,0.0,42.2907692,0.0,342.062115,0.0,2180.74798,0.0,8.36173077,0.0,2.76826923,0.0,0.670673077,0.0,0.415865385,0.0,5.92932692,0.0,0.658653846,0.0,0.0552884615,0.0,0.0192307692,0.0,2.94509615,0.0,0.0192307692,0.0,0.00961538462,0.0,0.163461538,0.0,0.00961538462,0.0,0.0,0.0,0.0,0.0,1
0.0,0.0,0.0,0.0,0.0,0.0,0.0,0.0,0.0,0.0,0.0,0.0,0.0,0.0,0.0,0.0,0.0,0.0,0.0,0.0,0.0,0.0,0.0,0.0,0.0,0.0,0.0,0.0,0.0,0.0,0.0,0.0,0.0,0.0,0.0,0.0,0.0,0.0,0.0,0.0,0.0,0.0,0.0,0.0,0.0,0.0,0.0,0.0,0.0,0.0,0.0,0.0,0.0,0.0,0.0,0.0,0.0,0.0,0.0,0.0,0.0,0.0,0.0,0.0,0.0,0.0,0.0,0.0,0.0,0.0,0.0,0.0,0.0,0.0,0.0,0.0,0.0,0.0,0.0,0.0,0.0,0.0,0.0,0.0,0.0,0.0,0.0,0.0,0.0,0.0,0.0,0.0,0.0,0.0,0.0,0.0,0.0,0.0,0.0,0.0,0.0,0.0,0.0,0.0,0.0,0.0,0.0,0.0,0
0.0,0.0,0.0,0.0,0.0,0.0,0.0,0.0,0.0,0.0,0.0,0.0,0.0,0.0,0.0,0.0,0.0,0.0,0.0,0.0,0.0,0.0,0.0,0.0,0.0,0.0,0.0,0.0,0.0,0.0,0.0,0.0,0.0,0.0,0.0,0.0,0.0,0.0,0.0,0.0,0.0,0.0,0.0,0.0,0.0,0.0,0.0,0.0,0.0,0.0,0.0,0.0,0.0,0.0,0.0,0.0,0.0,0.0,0.0,0.0,0.0,0.0,0.0,0.0,0.0,0.0,0.0,0.0,0.0,0.0,0.0,0.0,0.0,0.0,0.0,0.0,0.0,0.0,0.0,0.0,0.0,0.0,0.0,0.0,0.0,0.0,0.0,0.0,0.0,0.0,0.0,0.0,0.0,0.0,0.0,0.0,0.0,0.0,0.0,0.0,0.0,0.0,0.0,0.0,0.0,0.0,0.0,0.0,0
0.0,0.0,0.0,0.0,0.0,0.0,0.0,0.0,0.0,0.0,0.0,0.0,0.0,0.0,0.0,0.0,0.0,0.0,0.0,0.0,0.0,0.0,0.0,0.0,0.0,0.0,0.0,0.0,0.0,0.0,0.0,0.0,0.0,0.0,0.0,0.0,0.0,0.0,0.0,0.0,0.0,0.0,0.0,0.0,0.0,0.0,0.0,0.0,0.0,0.0,0.0,0.0,0.0,0.0,0.0,0.0,0.0,0.0,0.0,0.0,0.0,0.0,0.0,0.0,0.0,0.0,0.0,0.0,0.0,0.0,0.0,0.0,0.0,0.0,0.0,0.0,0.0,0.0,0.0,0.0,0.0,0.0,0.0,0.0,0.0,0.0,0.0,0.0,0.0,0.0,0.0,0.0,0.0,0.0,0.0,0.0,0.0,0.0,0.0,0.0,0.0,0.0,0.0,0.0,0.0,0.0,0.0,0.0,0
0.0,0.0,0.0,0.0,0.0,0.0,0.0,0.0,0.0,0.0,0.0,0.0,0.0,0.0,0.0,0.0,0.0,0.0,0.0,0.0,0.0,0.0,0.0,0.0,0.0,0.0,0.0,0.0,0.0,0.0,0.0,0.0,0.0,0.0,0.0,0.0,0.0,0.0,0.0,0.0,0.0,0.0,0.0,0.0,0.0,0.0,0.0,0.0,0.0,0.0,0.0,0.0,0.0,0.0,0.0,0.0,0.0,0.0,0.0,0.0,0.0,0.0,0.0,0.0,0.0,0.0,0.0,0.0,0.0,0.0,0.0,0.0,0.0,0.0,0.0,0.0,0.0,0.0,0.0,0.0,0.0,0.0,0.0,0.0,0.0,0.0,0.0,0.0,0.0,0.0,0.0,0.0,0.0,0.0,0.0,0.0,0.0,0.0,0.0,0.0,0.0,0.0,0.0,0.0,0.0,0.0,0.0,0.0,0
